{
  "properties": {
    "connectionReferences": {
      "shared_sharepointonline": {
        "runtimeSource": "invoker",
        "connection": {
          "connectionReferenceLogicalName": "crc5c_sharedsharepointonline_fdd50"
        },
        "api": {
          "name": "shared_sharepointonline"
        }
      }
    },
    "definition": {
      "$schema": "https://schema.management.azure.com/providers/Microsoft.Logic/schemas/2016-06-01/workflowdefinition.json#",
      "contentVersion": "1.0.0.0",
      "parameters": {
        "$authentication": {
          "defaultValue": {},
          "type": "SecureObject"
        },
        "$connections": {
          "defaultValue": {},
          "type": "Object"
        }
      },
      "triggers": {
        "manual": {
          "metadata": {
            "operationMetadataId": "48ef7150-1a3f-4ce8-8de4-9bb846bb87fc"
          },
          "type": "Request",
          "kind": "PowerAppV2",
          "inputs": {
            "schema": {
              "type": "object",
              "properties": {
                "text": {
                  "description": "txtIDNumber",
                  "title": "txtIDNumber",
                  "type": "string",
                  "x-ms-content-hint": "TEXT",
                  "x-ms-dynamically-added": true
                },
                "text_3": {
                  "description": "drpSubfolder.Selected.Value",
                  "title": "drpSubfolder.Selected.Value",
                  "type": "string",
                  "x-ms-content-hint": "TEXT",
                  "x-ms-dynamically-added": true
                },
                "text_4": {
                  "description": "colPhotos",
                  "title": "colPhotos",
                  "type": "string",
                  "x-ms-content-hint": "TEXT",
                  "x-ms-dynamically-added": true
                },
                "text_1": {
                  "description": "EntityName",
                  "title": "EntityName",
                  "type": "string",
                  "x-ms-content-hint": "TEXT",
                  "x-ms-dynamically-added": true
                },
                "text_2": {
                  "description": "FullPath",
                  "title": "FullPath",
                  "type": "string",
                  "x-ms-content-hint": "TEXT",
                  "x-ms-dynamically-added": true
                }
              },
              "required": [
                "text",
                "text_3",
                "text_4",
                "text_1",
                "text_2"
              ]
            }
          }
        }
      },
      "actions": {
        "Compose_TargetFolder": {
          "runAfter": {
            "Compose_SelectedFolderName": [
              "Succeeded"
            ]
          },
          "type": "Compose",
          "inputs": "@outputs('Compose_SelectedFolderName')"
        },
        "Get_folder_metadata_using_path": {
          "runAfter": {
            "Compose_TargetFolder": [
              "Succeeded"
            ]
          },
          "type": "OpenApiConnection",
          "inputs": {
            "parameters": {
              "dataset": "https://signeffectz.sharepoint.com/sites/InsightlyCustomerFileStorage",
              "path": "@concat('/', if(startsWith(outputs('Compose_SelectedFolderName'), 'OPP-'), 'Insightly_Opportunities/', 'Insightly_Projects/'), if(or(startsWith(outputs('Compose_SelectedFolderName'), 'PRO-'), startsWith(outputs('Compose_SelectedFolderName'), 'OPP-')), outputs('Compose_SelectedFolderName'), concat(if(startsWith(outputs('Compose_SelectedFolderName'), 'OPP-'), 'OPP-', 'PRO-'), triggerBody()?['text'], '-', outputs('Compose_SelectedFolderName'))), '/', if(startsWith(outputs('Compose_SelectedFolderName'), 'OPP-'), 'Opportunity_DefaultTree', 'Project_DefaultTree'), '/07-Photos')"
            },
            "host": {
              "apiId": "/providers/Microsoft.PowerApps/apis/shared_sharepointonline",
              "operationId": "GetFolderMetadataByPath",
              "connectionName": "shared_sharepointonline"
            }
          }
        },
        "Send_an_HTTP_request_to_SharePoint": {
          "runAfter": {
            "Compose_RawTrigger": [
              "Succeeded"
            ]
          },
          "type": "OpenApiConnection",
          "inputs": {
            "parameters": {
              "dataset": "https://signeffectz.sharepoint.com/sites/InsightlyCustomerFileStorage",
              "parameters/method": "GET",
              "parameters/uri": "@concat('_api/web/GetFolderByServerRelativeUrl(''', '/sites/InsightlyCustomerFileStorage/', triggerBody()?['text_1'], ''')/Folders?$select=Name,ServerRelativeUrl')"
            },
            "host": {
              "apiId": "/providers/Microsoft.PowerApps/apis/shared_sharepointonline",
              "operationId": "HttpRequest",
              "connectionName": "shared_sharepointonline"
            }
          }
        },
        "Compose_Prefix": {
          "runAfter": {
            "Send_an_HTTP_request_to_SharePoint": [
              "Succeeded"
            ]
          },
          "type": "Compose",
          "inputs": "@concat( if(equals(triggerBody()?['text_1'],'Insightly_Projects'),'PRO-','OPP-'), string(triggerBody()?['text']) )"
        },
        "Filter_Folders": {
          "runAfter": {
            "Compose_Prefix": [
              "Succeeded"
            ]
          },
          "type": "Query",
          "inputs": {
            "from": "@body('Send_an_HTTP_request_to_SharePoint')?['d']?['results']",
            "where": "@startsWith(item()?['Name'],outputs('Compose_Prefix'))"
          }
        },
        "Compose_SelectedFolderName": {
          "runAfter": {
            "Filter_Folders": [
              "Succeeded"
            ]
          },
          "type": "Compose",
          "inputs": "@first(body('Filter_Folders'))?['Name']"
        },
        "Compose_RawTrigger": {
          "runAfter": {},
          "type": "Compose",
          "inputs": "@string(triggerBody())"
        },
        "Parse_JSON": {
          "runAfter": {
            "Get_folder_metadata_using_path": [
              "Succeeded"
            ]
          },
          "metadata": {
            "operationMetadataId": "a6713679-6401-439a-805e-c8cc0bb0a086"
          },
          "type": "ParseJson",
          "inputs": {
            "content": "@json(triggerBody()?['text_4'])",
            "schema": {
              "type": "array",
              "items": {
                "type": "object",
                "properties": {
                  "Image": {
                    "type": "string"
                  }
                },
                "required": [
                  "Image"
                ]
              }
            }
          }
        },
        "FolderPath": {
          "runAfter": {
            "Parse_JSON": [
              "Succeeded"
            ]
          },
          "metadata": {
            "operationMetadataId": "c2857f71-9437-4c4d-9212-e1216e35d459"
          },
          "type": "Compose",
          "inputs": "@outputs('Compose_TargetFolder')"
        },
        "PhotoArray": {
          "runAfter": {
            "FolderPath": [
              "Succeeded"
            ]
          },
          "metadata": {
            "operationMetadataId": "6f788330-5144-4073-9e47-3af41d51ea2e"
          },
          "type": "InitializeVariable",
          "inputs": {
            "variables": [
              {
                "name": "PhotoArray",
                "type": "array",
                "value": "@body('Parse_JSON')"
              }
            ]
          }
        },
        "CreatedIDs": {
          "runAfter": {
            "PhotoArray": [
              "Succeeded"
            ]
          },
          "type": "InitializeVariable",
          "inputs": {
            "variables": [
              {
                "name": "CreatedIDs",
                "type": "array"
              }
            ]
          }
        },
        "FailedUploads": {
          "runAfter": {
            "CreatedIDs": [
              "Succeeded"
            ]
          },
          "type": "InitializeVariable",
          "inputs": {
            "variables": [
              {
                "name": "FailedUploads",
                "type": "array"
              }
            ]
          }
        },
        "Counter": {
          "runAfter": {
            "FailedUploads": [
              "Succeeded"
            ]
          },
          "type": "InitializeVariable",
          "inputs": {
            "variables": [
              {
                "name": "Counter",
                "type": "integer"
              }
            ]
          }
        },
        "respstatus": {
          "runAfter": {
            "Counter": [
              "Succeeded"
            ]
          },
          "type": "InitializeVariable",
          "inputs": {
            "variables": [
              {
                "name": "respstatus",
                "type": "string"
              }
            ]
          }
        },
        "respmessage": {
          "runAfter": {
            "respstatus": [
              "Succeeded"
            ]
          },
          "type": "InitializeVariable",
          "inputs": {
            "variables": [
              {
                "name": "respmessage",
                "type": "string"
              }
            ]
          }
        },
        "Respond_Success": {
          "runAfter": {
            "Create_file": [
              "Succeeded"
            ]
          },
          "type": "Response",
          "kind": "PowerApp",
          "inputs": {
            "schema": {
              "type": "object",
              "properties": {
                "respstatus": {
                  "title": "respstatus",
                  "type": "string",
                  "x-ms-content-hint": "TEXT",
                  "x-ms-dynamically-added": true
                },
                "respmessage": {
                  "title": "respmessage",
                  "type": "string",
                  "x-ms-content-hint": "TEXT",
                  "x-ms-dynamically-added": true
                }
              },
              "additionalProperties": {}
            },
            "statusCode": 200,
            "body": {
              "respstatus": "\"success\"",
              "respmessage": "\"upload complete\""
            }
          }
        },
        "Respond_Failure": {
          "runAfter": {
            "Create_file": [
              "Failed",
              "Skipped",
              "TimedOut"
            ]
          },
          "type": "Response",
          "kind": "PowerApp",
          "inputs": {
            "schema": {
              "type": "object",
              "properties": {
                "respstatus": {
                  "title": "respstatus",
                  "type": "string",
                  "x-ms-content-hint": "TEXT",
                  "x-ms-dynamically-added": true
                },
                "respmessage": {
                  "title": "respmessage",
                  "type": "string",
                  "x-ms-content-hint": "TEXT",
                  "x-ms-dynamically-added": true
                }
              },
              "additionalProperties": {}
            },
            "statusCode": 200,
            "body": {
              "respstatus": "\"Failed\"",
              "respmessage": "\"Upload Failed\""
            }
          }
        },
        "Increment_variable": {
          "runAfter": {
            "respmessage": [
              "Succeeded"
            ]
          },
          "type": "IncrementVariable",
          "inputs": {
            "name": "Counter",
            "value": 1
          }
        },
        "Compose_Clean": {
          "runAfter": {
            "Increment_variable": [
              "Succeeded"
            ]
          },
          "metadata": {
            "operationMetadataId": "0b7df97b-8714-4354-a85f-de63a1331803"
          },
          "type": "Compose",
          "inputs": "@trim( replace( replace( replace( last( split( coalesce(string(item()?['Image']), string(item()?['image']), string(item()?['Value']), '') , ',') ) , '\"', '') , '\\r\\n', '') , '\\n', '') )"
        },
        "Create_file": {
          "runAfter": {
            "Compose_Clean": [
              "Succeeded"
            ]
          },
          "metadata": {
            "operationMetadataId": "2bd82378-b7fd-4552-acd9-4221f842ce09"
          },
          "type": "OpenApiConnection",
          "inputs": {
            "parameters": {
              "dataset": "https://signeffectz.sharepoint.com/sites/InsightlyCustomerFileStorage",
              "folderPath": "/Insightly_Projects/PRO-17865475 - test111/Project_DefaultTree/07-Photos",
              "name": "@concat( triggerBody()?['text'], '-', triggerBody()?['text_3'], '-', string(variables('Counter')), '.jpg' )",
              "body": "@base64ToBinary(outputs('Compose_Clean'))"
            },
            "host": {
              "apiId": "/providers/Microsoft.PowerApps/apis/shared_sharepointonline",
              "operationId": "CreateFile",
              "connectionName": "shared_sharepointonline"
            }
          },
          "runtimeConfiguration": {
            "contentTransfer": {
              "transferMode": "Chunked"
            }
          }
        }
      },
      "outputs": {}
    },
    "templateName": null
  },
  "schemaVersion": "1.0.0.0"
}